t,value
1588647995,0
1588647998,0
1588648001,0
1588648004,0
1588648007,0
1588648010,0
1588648013,0
1588648016,0
1588648019,0
1588648022,0
1588648025,0
1588648028,0
1588648031,0
1588648034,0
1588648037,0
1588648040,0
1588648043,0
1588648046,0
1588648049,0
1588648052,0
1588648055,0
1588648058,0
1588648061,0
1588648064,0
1588648067,0
1588648070,0
1588648073,0
1588648076,0
1588648079,0
1588648082,0
1588648085,0
1588648088,0
1588648091,0
1588648094,0
1588648097,0
1588648100,0
1588648103,0
1588648106,0
1588648109,0
1588648112,0
1588648115,0
1588648118,0
1588648121,0
1588648124,0
1588648127,0
1588648130,0
1588648133,0
1588648136,0
1588648139,0
1588648142,0
1588648145,0
1588648148,0
1588648151,0
1588648154,0
1588648157,0
1588648160,0
1588648163,0
1588648166,0
1588648169,0
1588648172,0
1588648175,0
1588648178,0
1588648181,0
1588648184,0
1588648187,0
1588648190,0
1588648193,0
1588648196,0
1588648199,0
1588648202,0
1588648205,0
1588648208,0
1588648211,0
1588648214,0
1588648217,0
1588648220,0
1588648223,0
1588648226,0
1588648229,0
1588648232,0
1588648235,0
1588648238,0
1588648241,0
1588648244,0
1588648247,0
1588648250,0
1588648253,0
1588648256,0
1588648259,0
1588648262,0
1588648265,0
1588648268,0
1588648271,0
1588648274,0
1588648277,0
1588648280,0
1588648283,0
1588648286,0
1588648289,0
1588648292,0
1588648295,0
1588648298,0
1588648301,0
1588648304,0
1588648307,0
1588648310,0
1588648313,0
1588648316,0
1588648319,0
1588648322,0
1588648325,0
1588648328,0
1588648331,0
1588648334,0
1588648337,0
1588648340,0
1588648343,0
1588648346,0
1588648349,0
1588648352,0
1588648355,0
1588648358,0
1588648361,0
1588648364,0
1588648367,0
1588648370,0
1588648373,0
1588648376,0
1588648379,0
1588648382,0
1588648385,0
1588648388,0
1588648391,0
1588648394,0
1588648397,0
1588648400,0
1588648403,0
1588648406,0
1588648409,0
1588648412,0
1588648415,0
1588648418,0
1588648421,0
1588648424,0
1588648427,0
1588648430,0
1588648433,0
1588648436,0
1588648439,0
1588648442,0
1588648445,0
1588648448,0
1588648451,0
1588648454,0
1588648457,0
1588648460,0
1588648463,0
1588648466,0
1588648469,0
1588648472,0
1588648475,0
1588648478,0
1588648481,0
1588648484,0
1588648487,0
1588648490,0
1588648493,0
1588648496,0
1588648499,0
1588648502,0
1588648505,0
1588648508,0
1588648511,0
1588648514,0
1588648517,0
1588648520,0
1588648523,0
1588648526,0
1588648529,0
1588648532,0
1588648535,0
1588648538,0
1588648541,0
1588648544,0
1588648547,0
1588648550,0
1588648553,0
1588648556,0
1588648559,0
1588648562,0
1588648565,0
1588648568,0
1588648571,0
1588648574,0
1588648577,0
1588648580,0
1588648583,0
1588648586,0
1588648589,0
1588648592,0
1588648595,0
1588648598,0
1588648601,0
1588648604,0
1588648607,0
1588648610,0
1588648613,0
1588648616,0
1588648619,0
1588648622,0
1588648625,0
1588648628,0
1588648631,0
1588648634,0
1588648637,0
1588648640,0
1588648643,0
1588648646,0
1588648649,0
1588648652,0
1588648655,0
1588648658,0
1588648661,0
1588648664,0
1588648667,0
1588648670,0
1588648673,0
1588648676,0
1588648679,0
1588648682,0
1588648685,0
1588648688,0
1588648691,0
1588648694,0
1588648697,0
1588648700,0
1588648703,0
1588648706,0
1588648709,0
1588648712,0
1588648715,0
1588648718,0
1588648721,0
1588648724,0
1588648727,0
1588648730,0
1588648733,0
1588648736,0
1588648739,0
1588648742,0
1588648745,0
1588648748,0
1588648751,0
1588648754,0
1588648757,0
1588648760,0
1588648763,0
1588648766,0
1588648769,0
1588648772,0
1588648775,0
1588648778,0
1588648781,0
1588648784,0
1588648787,0
1588648790,0
1588648793,0
1588648796,0
1588648799,0
1588648802,0
1588648805,0
1588648808,0
1588648811,0
1588648814,0
1588648817,0
1588648820,0
1588648823,0
1588648826,0
1588648829,0
1588648832,0
1588648835,0
1588648838,0
1588648841,0
1588648844,0
1588648847,0
1588648850,0
1588648853,0
1588648856,0
1588648859,0
1588648862,0
1588648865,0
1588648868,0
1588648871,0
1588648874,0
1588648877,0
1588648880,0
1588648883,0
1588648886,0
1588648889,0
1588648892,0
1588648895,0
1588648898,0
1588648901,0
1588648904,0
1588648907,0
1588648910,0
1588648913,0
1588648916,0
1588648919,0
1588648922,0
1588648925,0
1588648928,0
1588648931,0
1588648934,0
1588648937,0
1588648940,0
1588648943,0
1588648946,0
1588648949,0
1588648952,0
1588648955,0
1588648958,0
1588648961,0
1588648964,0
1588648967,0
1588648970,0
1588648973,0
1588648976,0
1588648979,0
1588648982,0
1588648985,0
1588648988,0
1588648991,0
1588648994,0
1588648997,0
1588649000,0
1588649003,0
1588649006,0
1588649009,0
1588649012,0
1588649015,0
1588649018,0
1588649021,0
1588649024,0
1588649027,0
1588649030,0
1588649033,0
1588649036,0
1588649039,0
1588649042,0
1588649045,0
1588649048,0
1588649051,0
1588649054,0
1588649057,0
1588649060,0
1588649063,0
1588649066,0
1588649069,0
1588649072,0
1588649075,0
1588649078,0
1588649081,0
1588649084,0
1588649087,0
1588649090,0
1588649093,0
1588649096,0
1588649099,0
1588649102,0
1588649105,0
1588649108,0
1588649111,0
1588649114,0
1588649117,0
1588649120,0
1588649123,0
1588649126,0
1588649129,0
1588649132,0
1588649135,0
1588649138,0
1588649141,0
1588649144,0
1588649147,0
1588649150,0
1588649153,0
1588649156,0
1588649159,0
1588649162,0
1588649165,0
1588649168,0
1588649171,0
1588649174,0
1588649177,0
1588649180,0
1588649183,0
1588649186,0
1588649189,0
1588649192,0
1588649195,0
1588649198,0
1588649201,0
1588649204,0
1588649207,0
1588649210,0
1588649213,0
1588649216,0
1588649219,0
1588649222,0
1588649225,0
1588649228,0
1588649231,0
1588649234,0
1588649237,0
1588649240,0
1588649243,0
1588649246,0
1588649249,0
1588649252,0
1588649255,0
1588649258,0
1588649261,0
1588649264,0
1588649267,0
1588649270,0
1588649273,0
1588649276,0
1588649279,0
1588649282,0
1588649285,0
1588649288,0
1588649291,0
1588649294,0
1588649297,0
1588649300,0
1588649303,0
1588649306,0
1588649309,0
1588649312,0
1588649315,0
1588649318,0
1588649321,0
1588649324,0
1588649327,0
1588649330,0
1588649333,0
1588649336,0
1588649339,0
1588649342,0
1588649345,0
1588649348,0
1588649351,0
1588649354,0
1588649357,0
1588649360,0
1588649363,0
1588649366,0
1588649369,0
1588649372,0
1588649375,0
1588649378,0
1588649381,0
1588649384,0
1588649387,0
1588649390,0
1588649393,0
1588649396,0
1588649399,0
1588649402,0
1588649405,0
1588649408,0
1588649411,0
1588649414,0
1588649417,0
1588649420,0
1588649423,0
1588649426,0
1588649429,0
1588649432,1
1588649435,1
1588649438,1
1588649441,1
1588649444,1
1588649447,2
1588649450,2
1588649453,2
1588649456,2
1588649459,2
1588649462,2
1588649465,2
1588649468,3
1588649471,3
1588649474,3
1588649477,3
1588649480,3
1588649483,3
1588649486,4
1588649489,4
1588649492,4
1588649495,4
1588649498,4
1588649501,4
1588649504,4
1588649507,4
1588649510,4
1588649513,4
1588649516,4
1588649519,4
1588649522,4
1588649525,4
1588649528,4
1588649531,4
1588649534,4
1588649537,4
1588649540,4
1588649543,4
1588649546,4
1588649549,4
1588649552,4
1588649555,4
1588649558,4
1588649561,4
1588649564,4
1588649567,4
1588649570,4
1588649573,4
1588649576,4
1588649579,4
1588649582,4
1588649585,4
1588649588,4
1588649591,4
1588649594,4
1588649597,4
1588649600,4
1588649603,4
1588649606,4
1588649609,3
1588649612,3
1588649615,3
1588649618,3
1588649621,3
1588649624,3
1588649627,3
1588649630,3
1588649633,3
1588649636,3
1588649639,3
1588649642,3
1588649645,3
1588649648,3
1588649651,3
1588649654,3
1588649657,3
1588649660,3
1588649663,4
1588649666,4
1588649669,4
1588649672,4
1588649675,4
1588649678,4
1588649681,4
1588649684,4
1588649687,4
1588649690,4
1588649693,4
1588649696,4
1588649699,4
1588649702,4
1588649705,4
1588649708,4
1588649711,4
1588649714,4
1588649717,4
1588649720,4
1588649723,4
1588649726,4
1588649729,4
1588649732,4
1588649735,4
1588649738,4
1588649741,4
1588649744,4
1588649747,4
1588649750,4
1588649753,4
1588649756,4
1588649759,4
1588649762,4
1588649765,4
1588649768,4
1588649771,4
1588649774,4
1588649777,4
1588649780,4
1588649783,4
1588649786,4
1588649789,4
1588649792,4
1588649795,4
1588649798,4
1588649801,4
1588649804,4
1588649807,4
1588649810,4
1588649813,4
1588649816,4
1588649819,4
1588649822,4
1588649825,4
1588649828,4
1588649831,4
1588649834,4
1588649837,4
1588649840,4
1588649843,4
1588649846,4
1588649849,4
1588649852,4
1588649855,5
1588649858,5
1588649861,5
1588649864,5
1588649867,5
1588649870,5
1588649873,5
1588649876,5
1588649879,5
1588649882,5
1588649885,5
1588649888,5
1588649891,5
1588649894,6
1588649897,6
1588649900,6
1588649903,6
1588649906,6
1588649909,7
1588649912,7
1588649915,7
1588649918,7
1588649921,7
1588649924,8
1588649927,8
1588649930,8
1588649933,8
1588649936,9
1588649939,9
1588649942,9
1588649945,9
1588649948,9
1588649951,9
1588649954,9
1588649957,9
1588649960,9
1588649963,9
1588649966,9
1588649969,9
1588649972,10
1588649975,10
1588649978,10
1588649981,10
1588649984,10
1588649987,11
1588649990,11
1588649993,11
1588649996,11
1588649999,11
1588650002,11
1588650005,11
1588650008,11
1588650011,11
1588650014,11
1588650017,11
1588650020,11
1588650023,11
1588650026,12
1588650029,12
1588650032,12
1588650035,12
1588650038,13
1588650041,13
1588650044,13
1588650047,13
1588650050,13
1588650053,14
1588650056,14
1588650059,14
1588650062,14
1588650065,14
1588650068,14
1588650071,14
1588650074,14
1588650077,14
1588650080,14
1588650083,15
1588650086,15
1588650089,15
1588650092,15
1588650095,15
1588650098,16
1588650101,16
1588650104,16
1588650107,16
1588650110,16
1588650113,16
1588650116,16
1588650119,17
1588650122,17
1588650125,17
1588650128,17
1588650131,17
1588650134,17
1588650137,17
1588650140,17
1588650143,17
1588650146,17
1588650149,17
1588650152,17
1588650155,17
1588650158,17
1588650161,17
1588650164,17
1588650167,17
1588650170,17
1588650173,17
1588650176,17
1588650179,17
1588650182,17
1588650185,17
1588650188,17
1588650191,17
1588650194,17
1588650197,17
1588650200,17
1588650203,17
1588650206,17
1588650209,17
1588650212,18
1588650215,18
1588650218,18
1588650221,18
1588650224,19
1588650227,19
1588650230,19
1588650233,19
1588650236,19
1588650239,19
1588650242,19
1588650245,19
1588650248,19
1588650251,19
1588650254,19
1588650257,19
1588650260,19
1588650263,19
1588650266,19
1588650269,19
1588650272,19
1588650275,19
1588650278,19
1588650281,20
1588650284,20
1588650287,20
1588650290,20
1588650293,20
1588650296,21
1588650299,21
1588650302,21
1588650305,21
1588650308,21
1588650311,21
1588650314,21
1588650317,21
1588650320,21
1588650323,21
1588650326,21
1588650329,21
1588650332,21
1588650335,21
1588650338,21
1588650341,21
1588650344,22
1588650347,22
1588650350,22
1588650353,22
1588650356,23
1588650359,23
1588650362,23
1588650365,23
1588650368,23
1588650371,24
1588650374,24
1588650377,24
1588650380,24
1588650383,25
1588650386,25
1588650389,25
1588650392,25
1588650395,26
1588650398,26
1588650401,26
1588650404,26
1588650407,26
1588650410,26
1588650413,26
1588650416,26
1588650419,26
1588650422,26
1588650425,26
1588650428,26
1588650431,26
1588650434,26
1588650437,26
1588650440,26
1588650443,26
1588650446,26
1588650449,26
1588650452,26
1588650455,26
1588650458,26
1588650461,26
1588650464,26
1588650467,26
1588650470,26
1588650473,26
1588650476,26
1588650479,26
1588650482,26
1588650485,26
1588650488,26
1588650491,26
1588650494,26
1588650497,26
1588650500,26
1588650503,26
1588650506,26
1588650509,26
1588650512,26
1588650515,26
1588650518,26
1588650521,26
1588650524,26
1588650527,26
1588650530,26
1588650533,26
1588650536,26
1588650539,26
1588650542,26
1588650545,26
1588650548,26
1588650551,26
1588650554,26
1588650557,26
1588650560,26
1588650563,26
1588650566,26
1588650569,26
1588650572,26
1588650575,26
1588650578,26
1588650581,26
1588650584,26
1588650587,26
1588650590,26
1588650593,26
1588650596,26
1588650599,26
1588650602,26
1588650605,26
1588650608,26
1588650611,26
1588650614,26
1588650617,26
1588650620,26
1588650623,26
1588650626,26
1588650629,26
1588650632,26
1588650635,26
1588650638,26
1588650641,26
1588650644,26
1588650647,26
1588650650,26
1588650653,26
1588650656,26
1588650659,26
1588650662,26
1588650665,26
1588650668,26
1588650671,26
1588650674,26
1588650677,26
1588650680,26
1588650683,26
1588650686,26
1588650689,26
1588650692,26
1588650695,26
1588650698,26
1588650701,26
1588650704,26
1588650707,26
1588650710,26
1588650713,26
1588650716,26
1588650719,26
1588650722,26
1588650725,26
1588650728,26
1588650731,26
1588650734,26
1588650737,26
1588650740,26
1588650743,26
1588650746,26
1588650749,26
1588650752,26
1588650755,26
1588650758,26
1588650761,26
1588650764,26
1588650767,26
1588650770,26
1588650773,26
1588650776,26
1588650779,26
1588650782,26
1588650785,26
1588650788,26
1588650791,26
1588650794,26
1588650797,26
1588650800,26
1588650803,26
1588650806,26
1588650809,26
1588650812,26
1588650815,26
1588650818,26
1588650821,26
1588650824,27
1588650827,27
1588650830,27
1588650833,27
1588650836,27
1588650839,27
1588650842,27
1588650845,27
1588650848,27
1588650851,27
1588650854,27
1588650857,27
1588650860,27
1588650863,27
1588650866,27
1588650869,27
1588650872,27
1588650875,27
1588650878,27
1588650881,27
1588650884,27
1588650887,27
1588650890,27
1588650893,27
1588650896,27
1588650899,27
1588650902,27
1588650905,27
1588650908,27
1588650911,27
1588650914,27
1588650917,27
1588650920,27
1588650923,27
1588650926,27
1588650929,27
1588650932,27
1588650935,27
1588650938,27
1588650941,27
1588650944,27
1588650947,27
1588650950,27
1588650953,27
1588650956,27
1588650959,27
1588650962,27
1588650965,27
1588650968,27
1588650971,27
1588650974,27
1588650977,27
1588650980,27
1588650983,27
1588650986,27
1588650989,27
1588650992,27
1588650995,27
1588650998,27
1588651001,27
1588651004,27
1588651007,27
1588651010,27
1588651013,27
1588651016,28
1588651019,28
1588651022,28
1588651025,28
1588651028,29
1588651031,29
1588651034,29
1588651037,29
1588651040,29
1588651043,29
1588651046,29
1588651049,29
1588651052,29
1588651055,29
1588651058,29
1588651061,29
1588651064,29
1588651067,30
1588651070,30
1588651073,30
1588651076,30
1588651079,30
1588651082,30
1588651085,30
1588651088,30
1588651091,30
1588651094,30
1588651097,30
1588651100,30
1588651103,30
1588651106,30
1588651109,30
1588651112,30
1588651115,30
1588651118,30
1588651121,30
1588651124,30
1588651127,30
1588651130,30
1588651133,30
1588651136,30
1588651139,30
1588651142,30
1588651145,30
1588651148,30
1588651151,30
1588651154,30
1588651157,30
1588651160,30
1588651163,30
1588651166,30
1588651169,30
1588651172,30
1588651175,30
1588651178,30
1588651181,30
1588651184,30
1588651187,30
1588651190,30
1588651193,30
1588651196,30
1588651199,30
1588651202,30
1588651205,30
1588651208,30
1588651211,30
1588651214,30
1588651217,30
1588651220,30
1588651223,30
1588651226,30
1588651229,30
1588651232,30
1588651235,30
1588651238,30
1588651241,30
1588651244,30
1588651247,30
1588651250,30
1588651253,30
1588651256,30
1588651259,30
1588651262,30
1588651265,30
1588651268,30
1588651271,30
1588651274,30
1588651277,30
1588651280,30
1588651283,30
1588651286,30
1588651289,30
1588651292,30
1588651295,30
1588651298,30
1588651301,30
1588651304,30
1588651307,30
1588651310,30
1588651313,30
1588651316,30
1588651319,30
1588651322,30
1588651325,30
1588651328,30
1588651331,30
1588651334,30
1588651337,30
1588651340,30
1588651343,30
1588651346,30
1588651349,30
1588651352,30
1588651355,30
1588651358,30
1588651361,30
1588651364,30
1588651367,30
1588651370,30
1588651373,30
1588651376,30
1588651379,30
1588651382,30
1588651385,30
1588651388,30
1588651391,30
1588651394,30
1588651397,30
1588651400,30
1588651403,30
1588651406,30
1588651409,30
1588651412,30
1588651415,30
1588651418,30
1588651421,30
1588651424,30
1588651427,30
1588651430,30
1588651433,30
1588651436,30
1588651439,30
1588651442,30
1588651445,30
1588651448,30
1588651451,30
1588651454,30
1588651457,30
1588651460,30
1588651463,30
1588651466,30
1588651469,30
1588651472,30
1588651475,30
1588651478,30
1588651481,30
1588651484,30
1588651487,30
1588651490,30
1588651493,30
1588651496,30
1588651499,30
1588651502,30
1588651505,30
1588651508,30
1588651511,30
1588651514,30
1588651517,30
1588651520,30
1588651523,30
1588651526,30
1588651529,30
1588651532,30
1588651535,30
1588651538,30
1588651541,30
1588651544,30
1588651547,30
1588651550,30
1588651553,30
1588651556,30
1588651559,30
1588651562,30
1588651565,30
1588651568,30
1588651571,30
1588651574,30
1588651577,30
1588651580,30
1588651583,30
1588651586,30
1588651589,30
1588651592,30
1588651595,30
1588651598,30
1588651601,30
1588651604,30
1588651607,30
1588651610,30
1588651613,30
1588651616,30
1588651619,30
1588651622,30
1588651625,30
1588651628,30
1588651631,30
1588651634,30
1588651637,30
1588651640,30
1588651643,30
1588651646,30
1588651649,30
1588651652,30
1588651655,30
1588651658,30
1588651661,30
1588651664,30
1588651667,30
1588651670,30
1588651673,30
1588651676,30
1588651679,30
1588651682,30
1588651685,30
1588651688,30
1588651691,30
1588651694,30
1588651697,30
1588651700,30
1588651703,30
1588651706,30
1588651709,30
1588651712,30
1588651715,30
1588651718,30
1588651721,30
1588651724,30
1588651727,30
1588651730,30
1588651733,30
1588651736,30
1588651739,30
1588651742,30
1588651745,30
1588651748,30
1588651751,30
1588651754,30
1588651757,30
1588651760,30
1588651763,30
1588651766,30
1588651769,30
1588651772,30
1588651775,30
1588651778,30
1588651781,30
1588651784,30
1588651787,30
1588651790,30
1588651793,30
1588651796,30
1588651799,30
1588651802,30
1588651805,30
1588651808,30
1588651811,30
1588651814,30
1588651817,30
1588651820,30
1588651823,30
1588651826,30
1588651829,30
1588651832,30
1588651835,30
1588651838,30
1588651841,30
1588651844,30
1588651847,30
1588651850,30
1588651853,30
1588651856,30
1588651859,30
1588651862,30
1588651865,30
1588651868,30
1588651871,30
1588651874,30
1588651877,30
1588651880,30
1588651883,30
1588651886,30
1588651889,30
1588651892,30
1588651895,30
1588651898,30
1588651901,30
1588651904,30
1588651907,30
1588651910,30
1588651913,30
1588651916,30
1588651919,30
1588651922,30
1588651925,30
1588651928,30
1588651931,30
1588651934,30
1588651937,30
1588651940,30
1588651943,30
1588651946,30
1588651949,30
1588651952,30
1588651955,30
1588651958,30
1588651961,30
1588651964,30
1588651967,30
1588651970,30
1588651973,30
1588651976,30
1588651979,30
1588651982,30
1588651985,30
1588651988,30
1588651991,30
1588651994,30
1588651997,30
1588652000,30
1588652003,30
1588652006,30
1588652009,30
1588652012,30
1588652015,30
1588652018,30
1588652021,30
1588652024,30
1588652027,30
1588652030,30
1588652033,30
1588652036,30
1588652039,30
1588652042,30
1588652045,30
1588652048,30
1588652051,30
1588652054,30
1588652057,30
1588652060,30
1588652063,30
1588652066,30
1588652069,30
1588652072,30
1588652075,30
1588652078,30
1588652081,30
1588652084,30
1588652087,30
1588652090,30
1588652093,30
1588652096,30
1588652099,30
1588652102,30
1588652105,30
1588652108,30
1588652111,30
1588652114,30
1588652117,30
1588652120,30
1588652123,30
1588652126,30
1588652129,30
1588652132,30
1588652135,30
1588652138,30
1588652141,30
1588652144,30
1588652147,30
1588652150,30
1588652153,30
1588652156,30
1588652159,30
1588652162,30
1588652165,30
1588652168,30
1588652171,30
1588652174,30
1588652177,30
1588652180,30
1588652183,30
1588652186,30
1588652189,30
1588652192,30
1588652195,30
1588652198,30
1588652201,30
1588652204,30
1588652207,30
1588652210,30
1588652213,30
1588652216,30
1588652219,30
1588652222,30
1588652225,30
1588652228,30
1588652231,30
1588652234,30
1588652237,30
1588652240,30
1588652243,30
1588652246,30
1588652249,30
1588652252,30
1588652255,30
1588652258,30
1588652261,30
1588652264,30
1588652267,30
1588652270,30
1588652273,30
1588652276,30
1588652279,30
1588652282,30
1588652285,30
1588652288,30
1588652291,30
1588652294,30
1588652297,30
1588652300,30
1588652303,30
1588652306,30
1588652309,30
1588652312,30
1588652315,30
1588652318,30
1588652321,30
1588652324,30
1588652327,30
1588652330,30
1588652333,30
1588652336,30
1588652339,30
1588652342,30
1588652345,30
1588652348,30
1588652351,30
1588652354,30
1588652357,30
1588652360,30
1588652363,30
1588652366,30
1588652369,30
1588652372,30
1588652375,30
1588652378,30
1588652381,30
1588652384,30
1588652387,30
1588652390,30
1588652393,30
1588652396,30
1588652399,30
1588652402,30
1588652405,30
1588652408,30
1588652411,30
1588652414,30
1588652417,30
1588652420,30
1588652423,30
1588652426,30
1588652429,30
1588652432,30
1588652435,30
1588652438,30
1588652441,30
1588652444,30
1588652447,30
1588652450,30
1588652453,30
1588652456,30
1588652459,30
1588652462,30
1588652465,30
1588652468,30
1588652471,30
1588652474,30
1588652477,30
1588652480,30
1588652483,30
1588652486,30
1588652489,30
1588652492,30
1588652495,30
1588652498,30
1588652501,30
1588652504,30
1588652507,30
1588652510,30
1588652513,30
1588652516,30
1588652519,30
1588652522,30
1588652525,30
1588652528,30
1588652531,30
1588652534,30
1588652537,30
1588652540,30
1588652543,30
1588652546,30
1588652549,30
1588652552,30
1588652555,30
1588652558,30
1588652561,30
1588652564,30
1588652567,30
1588652570,30
1588652573,30
1588652576,30
1588652579,30
1588652582,30
1588652585,30
1588652588,30
1588652591,30
1588652594,30
1588652597,30
1588652600,30
1588652603,30
1588652606,30
1588652609,30
1588652612,30
1588652615,30
1588652618,30
1588652621,30
1588652624,30
1588652627,30
1588652630,30
1588652633,30
1588652636,30
1588652639,30
1588652642,30
1588652645,30
1588652648,30
1588652651,30
1588652654,30
1588652657,30
1588652660,30
1588652663,30
1588652666,30
1588652669,30
1588652672,30
1588652675,30
1588652678,30
1588652681,30
1588652684,30
1588652687,30
1588652690,30
1588652693,30
1588652696,30
1588652699,30
1588652702,30
1588652705,30
1588652708,30
1588652711,30
1588652714,30
1588652717,30
1588652720,30
1588652723,30
1588652726,30
1588652729,30
1588652732,30
1588652735,30
1588652738,30
1588652741,30
1588652744,30
1588652747,30
1588652750,30
1588652753,30
1588652756,30
1588652759,30
1588652762,30
1588652765,30
1588652768,30
1588652771,30
1588652774,30
1588652777,30
1588652780,30
1588652783,30
1588652786,30
1588652789,30
1588652792,30
1588652795,30
1588652798,30
1588652801,30
1588652804,30
1588652807,30
1588652810,30
1588652813,30
1588652816,30
1588652819,30
1588652822,30
1588652825,30
1588652828,30
1588652831,30
1588652834,30
1588652837,30
1588652840,30
1588652843,30
1588652846,30
1588652849,30
1588652852,30
1588652855,30
1588652858,30
1588652861,30
1588652864,30
1588652867,30
1588652870,30
1588652873,30
1588652876,30
1588652879,30
1588652882,30
1588652885,30
1588652888,30
1588652891,30
1588652894,30
1588652897,30
1588652900,30
1588652903,30
1588652906,30
1588652909,30
1588652912,30
1588652915,30
1588652918,30
1588652921,30
1588652924,30
1588652927,30
1588652930,30
1588652933,30
1588652936,30
1588652939,30
1588652942,30
1588652945,30
1588652948,30
1588652951,30
1588652954,30
1588652957,30
1588652960,30
1588652963,30
1588652966,30
1588652969,30
1588652972,30
1588652975,30
1588652978,30
1588652981,30
1588652984,30
1588652987,30
1588652990,30
1588652993,30
1588652996,30
1588652999,30
1588653002,30
1588653005,30
1588653008,30
1588653011,30
1588653014,30
1588653017,30
1588653020,30
1588653023,30
1588653026,30
1588653029,30
1588653032,30
1588653035,30
1588653038,30
1588653041,30
1588653044,30
1588653047,30
1588653050,30
1588653053,30
1588653056,30
1588653059,30
1588653062,30
1588653065,30
1588653068,30
1588653071,30
1588653074,30
1588653077,30
1588653080,30
1588653083,30
1588653086,30
1588653089,30
1588653092,30
1588653095,30
1588653098,30
1588653101,30
1588653104,30
1588653107,30
1588653110,30
1588653113,30
1588653116,30
1588653119,30
1588653122,30
1588653125,30
1588653128,30
1588653131,30
1588653134,30
1588653137,30
1588653140,30
1588653143,30
1588653146,30
1588653149,30
1588653152,30
1588653155,30
1588653158,30
1588653161,30
1588653164,30
1588653167,30
1588653170,30
1588653173,30
1588653176,30
1588653179,30
1588653182,30
1588653185,30
1588653188,30
1588653191,30
1588653194,30
1588653197,30
1588653200,30
1588653203,30
1588653206,30
1588653209,30
1588653212,30
1588653215,30
1588653218,30
1588653221,30
1588653224,30
1588653227,30
1588653230,30
1588653233,30
1588653236,30
1588653239,30
1588653242,30
1588653245,30
1588653248,30
1588653251,30
1588653254,30
1588653257,30
1588653260,30
1588653263,30
1588653266,30
1588653269,30
1588653272,30
1588653275,30
1588653278,30
1588653281,30
1588653284,30
1588653287,30
1588653290,30
1588653293,30
1588653296,30
1588653299,30
1588653302,30
1588653305,30
1588653308,30
1588653311,30
1588653314,30
1588653317,30
1588653320,30
1588653323,30
1588653326,30
1588653329,30
1588653332,30
1588653335,30
1588653338,30
1588653341,30
1588653344,30
1588653347,30
1588653350,30
1588653353,30
1588653356,30
1588653359,30
1588653362,30
1588653365,30
1588653368,30
1588653371,30
1588653374,30
1588653377,30
1588653380,30
1588653383,30
1588653386,30
1588653389,30
1588653392,30
1588653395,30
1588653398,30
1588653401,30
1588653404,30
1588653407,30
1588653410,30
1588653413,30
1588653416,30
1588653419,30
1588653422,30
1588653425,30
1588653428,30
1588653431,30
1588653434,30
1588653437,30
1588653440,30
1588653443,30
1588653446,30
1588653449,30
1588653452,30
1588653455,30
1588653458,30
1588653461,30
1588653464,30
1588653467,30
1588653470,30
1588653473,30
1588653476,30
1588653479,30
1588653482,30
1588653485,30
1588653488,30
1588653491,30
1588653494,30
1588653497,30
1588653500,30
1588653503,30
1588653506,30
1588653509,30
1588653512,30
1588653515,30
1588653518,30
1588653521,30
1588653524,30
1588653527,30
1588653530,30
1588653533,30
1588653536,30
1588653539,30
1588653542,30
1588653545,30
1588653548,30
1588653551,30
1588653554,30
1588653557,30
1588653560,30
1588653563,30
1588653566,30
1588653569,30
1588653572,30
1588653575,30
1588653578,30
1588653581,30
1588653584,30
1588653587,30
1588653590,30
1588653593,30
1588653596,30
1588653599,30
1588653602,30
1588653605,30
1588653608,30
1588653611,30
1588653614,30
1588653617,30
1588653620,30
1588653623,30
1588653626,30
1588653629,30
1588653632,30
1588653635,30
1588653638,30
1588653641,30
1588653644,30
1588653647,30
1588653650,30
1588653653,30
1588653656,30
1588653659,30
1588653662,30
1588653665,30
1588653668,30
1588653671,30
1588653674,30
1588653677,30
1588653680,30
1588653683,30
1588653686,30
1588653689,30
1588653692,30
1588653695,30
1588653698,30
1588653701,30
1588653704,30
1588653707,30
1588653710,30
1588653713,30
1588653716,30
1588653719,30
1588653722,30
1588653725,30
1588653728,30
1588653731,30
1588653734,30
1588653737,30
1588653740,30
1588653743,30
1588653746,30
1588653749,30
1588653752,30
1588653755,30
1588653758,30
1588653761,30
1588653764,30
1588653767,30
1588653770,30
1588653773,30
1588653776,30
1588653779,30
1588653782,30
1588653785,30
1588653788,30
1588653791,30
1588653794,30
1588653797,30
1588653800,30
1588653803,30
1588653806,30
1588653809,30
1588653812,30
1588653815,30
1588653818,30
1588653821,30
1588653824,30
1588653827,30
1588653830,30
1588653833,30
1588653836,30
1588653839,30
1588653842,30
1588653845,30
1588653848,30
1588653851,30
1588653854,30
1588653857,30
1588653860,30
1588653863,30
1588653866,30
1588653869,30
1588653872,30
1588653875,30
1588653878,30
1588653881,30
1588653884,30
1588653887,30
1588653890,30
1588653893,30
1588653896,30
1588653899,30
1588653902,30
1588653905,30
1588653908,30
1588653911,30
1588653914,30
1588653917,30
1588653920,30
1588653923,30
1588653926,30
1588653929,30
1588653932,30
1588653935,30
1588653938,30
1588653941,30
1588653944,30
1588653947,30
1588653950,30
1588653953,30
1588653956,30
1588653959,30
1588653962,30
1588653965,30
1588653968,30
1588653971,30
1588653974,30
1588653977,30
1588653980,30
1588653983,30
1588653986,30
1588653989,30
1588653992,30
1588653995,30
1588653998,30
1588654001,30
1588654004,30
1588654007,30
1588654010,30
1588654013,30
1588654016,30
1588654019,30
1588654022,30
1588654025,30
1588654028,30
1588654031,30
1588654034,30
1588654037,30
1588654040,30
1588654043,30
1588654046,30
1588654049,30
1588654052,30
1588654055,30
1588654058,30
1588654061,30
1588654064,30
1588654067,30
1588654070,30
1588654073,30
1588654076,30
1588654079,30
1588654082,30
1588654085,30
1588654088,30
1588654091,30
1588654094,30
1588654097,30
1588654100,30
1588654103,30
1588654106,30
1588654109,30
1588654112,30
1588654115,30
1588654118,30
1588654121,30
1588654124,30
1588654127,30
1588654130,30
1588654133,30
1588654136,30
1588654139,30
1588654142,30
1588654145,30
1588654148,30
1588654151,30
1588654154,30
1588654157,30
1588654160,30
1588654163,30
1588654166,30
1588654169,30
1588654172,30
1588654175,30
1588654178,30
1588654181,30
1588654184,30
1588654187,30
1588654190,30
1588654193,30
1588654196,30
1588654199,30
1588654202,30
1588654205,30
1588654208,30
1588654211,30
1588654214,30
1588654217,30
1588654220,30
1588654223,30
1588654226,30
1588654229,30
1588654232,30
1588654235,30
1588654238,30
1588654241,30
1588654244,30
1588654247,30
1588654250,30
1588654253,30
1588654256,30
1588654259,30
1588654262,30
1588654265,30
1588654268,30
1588654271,30
1588654274,30
1588654277,30
1588654280,30
1588654283,30
1588654286,30
1588654289,30
1588654292,30
1588654295,30
1588654298,30
1588654301,30
1588654304,30
1588654307,30
1588654310,30
1588654313,30
1588654316,30
1588654319,30
1588654322,30
1588654325,30
1588654328,30
1588654331,30
1588654334,30
1588654337,30
1588654340,30
1588654343,30
1588654346,30
1588654349,30
1588654352,30
1588654355,30
1588654358,30
1588654361,30
1588654364,30
1588654367,30
1588654370,30
1588654373,30
1588654376,30
1588654379,30
1588654382,30
1588654385,30
1588654388,30
1588654391,30
1588654394,30
1588654397,30
1588654400,30
1588654403,30
1588654406,30
1588654409,30
1588654412,30
1588654415,30
1588654418,30
1588654421,30
1588654424,30
1588654427,30
1588654430,30
1588654433,30
1588654436,30
1588654439,30
1588654442,30
1588654445,30
1588654448,30
1588654451,30
1588654454,30
1588654457,30
1588654460,30
1588654463,30
1588654466,30
1588654469,30
1588654472,30
1588654475,30
1588654478,30
1588654481,30
1588654484,30
1588654487,30
1588654490,30
1588654493,30
1588654496,30
1588654499,30
1588654502,30
1588654505,30
1588654508,30
1588654511,30
1588654514,30
1588654517,30
1588654520,30
1588654523,30
1588654526,30
1588654529,30
1588654532,30
1588654535,30
1588654538,30
1588654541,30
1588654544,30
1588654547,30
1588654550,30
1588654553,30
1588654556,30
1588654559,30
1588654562,30
1588654565,30
1588654568,30
1588654571,30
1588654574,30
1588654577,30
1588654580,30
1588654583,30
1588654586,30
1588654589,30
1588654592,30
1588654595,30
1588654598,30
1588654601,30
1588654604,30
1588654607,30
1588654610,30
1588654613,30
1588654616,30
1588654619,30
1588654622,30
1588654625,30
1588654628,30
1588654631,30
1588654634,30
1588654637,30
1588654640,30
1588654643,30
1588654646,30
1588654649,30
1588654652,30
1588654655,30
1588654658,30
1588654661,30
1588654664,30
1588654667,30
1588654670,30
1588654673,30
1588654676,30
1588654679,30
1588654682,30
1588654685,30
1588654688,30
1588654691,30
1588654694,30
1588654697,30
1588654700,30
1588654703,30
1588654706,30
1588654709,30
1588654712,30
1588654715,30
1588654718,30
1588654721,30
1588654724,30
1588654727,30
1588654730,30
1588654733,30
1588654736,30
1588654739,30
1588654742,30
1588654745,30
1588654748,30
1588654751,30
1588654754,30
1588654757,30
1588654760,30
1588654763,30
1588654766,30
1588654769,30
1588654772,30
1588654775,30
1588654778,30
1588654781,30
1588654784,30
1588654787,30
1588654790,30
1588654793,30
1588654796,30
1588654799,30
1588654802,30
1588654805,30
1588654808,30
1588654811,30
1588654814,30
1588654817,30
1588654820,30
1588654823,30
1588654826,30
1588654829,30
1588654832,30
1588654835,30
1588654838,30
1588654841,30
1588654844,30
1588654847,30
1588654850,30
1588654853,30
1588654856,30
1588654859,30
1588654862,30
1588654865,30
1588654868,30
1588654871,30
1588654874,30
1588654877,30
1588654880,30
1588654883,30
1588654886,30
1588654889,30
1588654892,30
1588654895,30
1588654898,30
1588654901,30
1588654904,30
1588654907,30
1588654910,30
1588654913,30
1588654916,30
1588654919,30
1588654922,30
1588654925,30
1588654928,30
1588654931,30
1588654934,30
1588654937,30
1588654940,30
1588654943,30
1588654946,30
1588654949,30
1588654952,30
1588654955,30
1588654958,30
1588654961,30
1588654964,30
1588654967,30
1588654970,30
1588654973,30
1588654976,30
1588654979,30
1588654982,30
1588654985,30
1588654988,30
1588654991,30
1588654994,30
1588654997,30
1588655000,30
1588655003,30
1588655006,30
1588655009,30
1588655012,30
1588655015,30
1588655018,30
1588655021,30
1588655024,30
1588655027,30
1588655030,30
1588655033,30
1588655036,30
1588655039,30
1588655042,30
1588655045,30
1588655048,30
1588655051,30
1588655054,30
1588655057,30
1588655060,30
1588655063,30
1588655066,30
1588655069,30
1588655072,30
1588655075,30
1588655078,30
1588655081,30
1588655084,30
1588655087,30
1588655090,30
1588655093,30
1588655096,30
1588655099,30
1588655102,30
1588655105,30
1588655108,30
1588655111,30
1588655114,30
1588655117,30
1588655120,30
1588655123,30
1588655126,30
1588655129,30
1588655132,30
1588655135,30
1588655138,30
1588655141,30
1588655144,30
1588655147,30
1588655150,30
1588655153,30
1588655156,30
1588655159,30
1588655162,30
1588655165,30
1588655168,30
1588655171,31
1588655174,31
1588655177,31
1588655180,31
1588655183,31
1588655186,31
1588655189,32
1588655192,32
1588655195,32
1588655198,32
1588655201,32
1588655204,32
1588655207,32
1588655210,32
1588655213,32
1588655216,32
1588655219,32
1588655222,32
1588655225,32
1588655228,32
1588655231,32
1588655234,32
1588655237,32
1588655240,32
1588655243,32
1588655246,33
1588655249,33
1588655252,33
1588655255,33
1588655258,33
1588655261,33
1588655264,33
1588655267,33
1588655270,33
1588655273,33
1588655276,33
1588655279,33
1588655282,33
1588655285,33
1588655288,33
1588655291,33
1588655294,34
1588655297,34
1588655300,34
1588655303,34
1588655306,35
1588655309,35
1588655312,35
1588655315,36
1588655318,36
1588655321,36
1588655324,36
1588655327,36
1588655330,36
1588655333,36
1588655336,36
1588655339,36
1588655342,36
1588655345,36
1588655348,36
1588655351,36
1588655354,36
1588655357,36
1588655360,37
1588655363,37
1588655366,37
1588655369,37
1588655372,38
1588655375,38
1588655378,38
1588655381,38
1588655384,38
1588655387,38
1588655390,38
1588655393,38
1588655396,38
1588655399,38
1588655402,38
1588655405,38
1588655408,38
1588655411,38
1588655414,38
1588655417,38
1588655420,38
1588655423,38
1588655426,38
1588655429,38
1588655432,38
1588655435,38
1588655438,38
1588655441,38
1588655444,38
1588655447,38
1588655450,38
1588655453,38
1588655456,38
1588655459,38
1588655462,38
1588655465,38
1588655468,38
1588655471,38
1588655474,38
1588655477,38
1588655480,38
1588655483,38
1588655486,38
1588655489,38
1588655492,38
1588655495,38
1588655498,38
1588655501,38
1588655504,38
1588655507,38
1588655510,38
1588655513,38
1588655516,38
1588655519,38
1588655522,38
1588655525,38
1588655528,38
1588655531,38
1588655534,38
1588655537,38
1588655540,38
1588655543,38
1588655546,39
1588655549,39
1588655552,39
1588655555,39
1588655558,39
1588655561,39
1588655564,39
1588655567,39
1588655570,39
1588655573,39
1588655576,39
1588655579,39
1588655582,39
1588655585,39
1588655588,40
1588655591,40
1588655594,40
1588655597,41
1588655600,41
1588655603,41
1588655606,41
1588655609,41
1588655612,41
1588655615,41
1588655618,41
1588655621,41
1588655624,41
1588655627,41
1588655630,41
1588655633,41
1588655636,41
1588655639,41
1588655642,41
1588655645,41
1588655648,41
1588655651,41
1588655654,41
1588655657,41
1588655660,41
1588655663,41
1588655666,41
1588655669,41
1588655672,41
1588655675,41
1588655678,41
1588655681,41
1588655684,41
1588655687,41
1588655690,41
1588655693,41
1588655696,41
1588655699,41
1588655702,41
1588655705,41
1588655708,41
1588655711,41
1588655714,41
1588655717,41
1588655720,41
1588655723,41
1588655726,41
1588655729,41
1588655732,41
1588655735,41
1588655738,41
1588655741,41
1588655744,41
1588655747,41
1588655750,41
1588655753,41
1588655756,41
1588655759,41
1588655762,41
1588655765,41
1588655768,41
1588655771,41
1588655774,41
1588655777,41
1588655780,41
1588655783,41
1588655786,41
1588655789,41
1588655792,41
1588655795,41
1588655798,41
1588655801,41
1588655804,41
1588655807,41
1588655810,41
1588655813,41
1588655816,41
1588655819,41
1588655822,41
1588655825,41
1588655828,41
1588655831,41
1588655834,41
1588655837,41
1588655840,41
1588655843,41
1588655846,41
1588655849,41
1588655852,41
1588655855,41
1588655858,41
1588655861,41
1588655864,41
1588655867,41
1588655870,41
1588655873,41
1588655876,41
1588655879,41
1588655882,41
1588655885,41
1588655888,41
1588655891,41
1588655894,41
1588655897,41
1588655900,41
1588655903,41
1588655906,41
1588655909,41
1588655912,41
1588655915,41
1588655918,41
1588655921,41
1588655924,41
1588655927,41
1588655930,41
1588655933,41
1588655936,41
1588655939,41
1588655942,41
1588655945,41
1588655948,41
1588655951,41
1588655954,41
1588655957,41
1588655960,41
1588655963,41
1588655966,41
1588655969,41
1588655972,41
1588655975,41
1588655978,41
1588655981,41
1588655984,41
1588655987,41
1588655990,41
1588655993,41
1588655996,41
1588655999,41
1588656002,41
1588656005,41
1588656008,41
1588656011,41
1588656014,41
1588656017,41
1588656020,41
1588656023,41
1588656026,41
1588656029,41
1588656032,41
1588656035,41
1588656038,41
1588656041,41
1588656044,41
1588656047,41
1588656050,41
1588656053,41
1588656056,41
1588656059,41
1588656062,41
1588656065,41
1588656068,41
1588656071,41
1588656074,41
1588656077,41
1588656080,41
1588656083,41
1588656086,41
1588656089,41
1588656092,41
1588656095,41
1588656098,41
1588656101,41
1588656104,41
1588656107,41
1588656110,41
1588656113,41
1588656116,41
1588656119,41
1588656122,41
1588656125,41
1588656128,41
1588656131,41
1588656134,41
1588656137,41
1588656140,41
1588656143,41
1588656146,41
1588656149,41
1588656152,41
1588656155,41
1588656158,41
1588656161,41
1588656164,41
1588656167,41
1588656170,41
1588656173,41
1588656176,41
1588656179,41
1588656182,41
1588656185,41
1588656188,41
1588656191,41
1588656194,41
1588656197,41
1588656200,41
1588656203,41
1588656206,41
1588656209,41
1588656212,41
1588656215,41
1588656218,41
1588656221,41
1588656224,41
1588656227,41
1588656230,41
1588656233,41
1588656236,41
1588656239,41
1588656242,41
1588656245,41
1588656248,41
1588656251,41
1588656254,41
1588656257,41
1588656260,41
1588656263,41
1588656266,41
1588656269,41
1588656272,41
1588656275,41
1588656278,41
1588656281,41
1588656284,41
1588656287,41
1588656290,41
1588656293,41
1588656296,41
1588656299,41
1588656302,41
1588656305,41
1588656308,41
1588656311,41
1588656314,41
1588656317,41
1588656320,41
1588656323,41
1588656326,41
1588656329,41
1588656332,41
1588656335,41
1588656338,41
1588656341,41
1588656344,41
1588656347,41
1588656350,41
1588656353,41
1588656356,41
1588656359,41
1588656362,41
1588656365,41
1588656368,41
1588656371,41
1588656374,41
1588656377,41
1588656380,41
1588656383,41
1588656386,41
1588656389,41
1588656392,41
1588656395,41
1588656398,41
1588656401,41
1588656404,41
1588656407,41
1588656410,41
1588656413,41
1588656416,41
1588656419,41
1588656422,41
1588656425,41
1588656428,41
1588656431,41
1588656434,41
1588656437,41
1588656440,41
1588656443,41
1588656446,41
1588656449,41
1588656452,41
1588656455,41
1588656458,41
1588656461,41
1588656464,41
1588656467,41
1588656470,41
1588656473,41
1588656476,41
1588656479,41
1588656482,41
1588656485,41
1588656488,41
1588656491,41
1588656494,41
1588656497,41
1588656500,41
1588656503,41
1588656506,41
1588656509,41
1588656512,41
1588656515,41
1588656518,41
1588656521,41
1588656524,41
1588656527,41
1588656530,41
1588656533,41
1588656536,41
1588656539,41
1588656542,41
1588656545,41
1588656548,41
1588656551,41
1588656554,41
1588656557,41
1588656560,41
1588656563,41
1588656566,41
1588656569,41
1588656572,41
1588656575,41
1588656578,41
1588656581,41
1588656584,41
1588656587,41
1588656590,41
1588656593,41
1588656596,41
1588656599,41
1588656602,41
1588656605,41
1588656608,41
1588656611,41
1588656614,41
1588656617,41
1588656620,41
1588656623,41
1588656626,41
1588656629,41
1588656632,41
1588656635,41
1588656638,41
1588656641,41
1588656644,41
1588656647,41
1588656650,41
1588656653,41
1588656656,41
1588656659,41
1588656662,41
1588656665,41
1588656668,41
1588656671,41
1588656674,41
1588656677,41
1588656680,41
1588656683,41
1588656686,41
1588656689,41
1588656692,41
1588656695,41
1588656698,41
1588656701,41
1588656704,41
1588656707,41
1588656710,41
1588656713,41
1588656716,41
1588656719,41
1588656722,41
1588656725,41
1588656728,41
1588656731,41
1588656734,41
1588656737,41
1588656740,41
1588656743,41
1588656746,41
1588656749,41
1588656752,41
1588656755,41
1588656758,41
1588656761,41
1588656764,41
1588656767,41
1588656770,41
1588656773,41
1588656776,41
1588656779,41
1588656782,41
1588656785,41
1588656788,41
1588656791,41
1588656794,41
1588656797,41
1588656800,41
1588656803,41
1588656806,41
1588656809,41
1588656812,41
1588656815,41
1588656818,41
1588656821,41
1588656824,41
1588656827,41
1588656830,41
1588656833,41
1588656836,41
1588656839,41
1588656842,41
1588656845,41
1588656848,41
1588656851,41
1588656854,41
1588656857,41
1588656860,41
1588656863,41
1588656866,41
1588656869,41
1588656872,41
1588656875,41
1588656878,41
1588656881,41
1588656884,41
1588656887,41
1588656890,41
1588656893,41
1588656896,41
1588656899,41
1588656902,41
1588656905,41
1588656908,41
1588656911,41
1588656914,41
1588656917,41
1588656920,41
1588656923,41
1588656926,41
1588656929,41
1588656932,41
1588656935,41
1588656938,41
1588656941,41
1588656944,41
1588656947,41
1588656950,41
1588656953,41
1588656956,41
1588656959,41
1588656962,41
1588656965,41
1588656968,41
1588656971,41
1588656974,41
1588656977,41
1588656980,41
1588656983,41
1588656986,41
1588656989,41
1588656992,41
1588656995,41
1588656998,41
1588657001,41
1588657004,41
1588657007,41
1588657010,41
1588657013,41
1588657016,41
1588657019,41
1588657022,41
1588657025,41
1588657028,41
1588657031,41
1588657034,41
1588657037,41
1588657040,41
1588657043,41
1588657046,41
1588657049,41
1588657052,41
1588657055,41
1588657058,41
1588657061,41
1588657064,41
1588657067,41
1588657070,41
1588657073,41
1588657076,41
1588657079,41
1588657082,41
1588657085,41
1588657088,41
1588657091,41
1588657094,41
1588657097,41
1588657100,41
1588657103,41
1588657106,41
1588657109,41
1588657112,41
1588657115,41
1588657118,41
1588657121,41
1588657124,41
1588657127,41
1588657130,41
1588657133,41
1588657136,41
1588657139,41
1588657142,41
1588657145,41
1588657148,41
1588657151,41
1588657154,41
1588657157,41
1588657160,41
1588657163,41
1588657166,41
1588657169,41
1588657172,41
1588657175,41
1588657178,41
1588657181,41
1588657184,41
1588657187,41
1588657190,41
1588657193,41
1588657196,41
1588657199,41
1588657202,41
1588657205,41
1588657208,41
1588657211,41
1588657214,41
1588657217,41
1588657220,41
1588657223,41
1588657226,41
1588657229,41
1588657232,41
1588657235,41
1588657238,41
1588657241,41
1588657244,41
1588657247,41
1588657250,41
1588657253,41
1588657256,41
1588657259,41
1588657262,41
1588657265,41
1588657268,41
1588657271,41
1588657274,41
1588657277,41
1588657280,41
1588657283,41
1588657286,41
1588657289,41
1588657292,41
1588657295,41
1588657298,41
1588657301,41
1588657304,41
1588657307,41
1588657310,41
1588657313,41
1588657316,41
1588657319,41
1588657322,41
1588657325,41
1588657328,41
1588657331,41
1588657334,41
1588657337,41
1588657340,41
1588657343,41
1588657346,41
1588657349,41
1588657352,41
1588657355,41
1588657358,41
1588657361,41
1588657364,41
1588657367,41
1588657370,41
1588657373,41
1588657376,41
1588657379,41
1588657382,41
1588657385,41
1588657388,41
1588657391,41
1588657394,41
1588657397,41
1588657400,41
1588657403,41
1588657406,41
1588657409,41
1588657412,41
1588657415,41
1588657418,41
1588657421,41
1588657424,41
1588657427,41
1588657430,41
1588657433,41
1588657436,41
1588657439,41
1588657442,41
1588657445,41
1588657448,41
1588657451,41
1588657454,41
1588657457,41
1588657460,41
1588657463,41
1588657466,41
1588657469,41
1588657472,41
1588657475,41
1588657478,41
1588657481,41
1588657484,41
1588657487,41
1588657490,41
1588657493,41
1588657496,41
1588657499,41
1588657502,41
1588657505,41
1588657508,41
1588657511,41
1588657514,41
1588657517,41
1588657520,41
1588657523,41
1588657526,41
1588657529,41
1588657532,41
1588657535,41
1588657538,41
1588657541,41
1588657544,41
1588657547,41
1588657550,41
1588657553,41
1588657556,41
1588657559,41
1588657562,41
1588657565,41
1588657568,41
1588657571,41
1588657574,41
1588657577,41
1588657580,41
1588657583,41
1588657586,41
1588657589,41
1588657592,41
1588657595,41
1588657598,41
1588657601,41
1588657604,41
1588657607,41
1588657610,41
1588657613,41
1588657616,41
1588657619,41
1588657622,41
1588657625,41
1588657628,41
1588657631,41
1588657634,41
1588657637,41
1588657640,41
1588657643,41
1588657646,41
1588657649,41
1588657652,41
1588657655,41
1588657658,41
1588657661,41
1588657664,41
1588657667,41
1588657670,41
1588657673,41
1588657676,41
1588657679,41
1588657682,41
1588657685,41
1588657688,41
1588657691,41
1588657694,41
1588657697,41
1588657700,41
1588657703,41
1588657706,41
1588657709,41
1588657712,41
1588657715,41
1588657718,41
1588657721,41
1588657724,41
1588657727,41
1588657730,41
1588657733,41
1588657736,41
1588657739,41
1588657742,41
1588657745,41
1588657748,41
1588657751,41
1588657754,41
1588657757,41
1588657760,41
1588657763,41
1588657766,41
1588657769,41
1588657772,41
1588657775,41
1588657778,41
1588657781,41
1588657784,41
1588657787,41
1588657790,41
1588657793,41
1588657796,41
1588657799,41
1588657802,41
1588657805,41
1588657808,41
1588657811,41
1588657814,41
1588657817,41
1588657820,41
1588657823,41
1588657826,41
1588657829,41
1588657832,41
1588657835,41
1588657838,41
1588657841,41
1588657844,41
1588657847,41
1588657850,41
1588657853,41
1588657856,41
1588657859,41
1588657862,41
1588657865,41
1588657868,41
1588657871,41
1588657874,41
1588657877,41
1588657880,41
1588657883,41
1588657886,41
1588657889,41
1588657892,41
1588657895,41
1588657898,41
1588657901,41
1588657904,41
1588657907,41
1588657910,41
1588657913,41
1588657916,41
1588657919,41
1588657922,41
1588657925,41
1588657928,41
1588657931,41
1588657934,41
1588657937,41
1588657940,41
1588657943,41
1588657946,41
1588657949,41
1588657952,41
1588657955,41
1588657958,41
1588657961,41
1588657964,41
1588657967,41
1588657970,41
1588657973,41
1588657976,41
1588657979,41
1588657982,41
1588657985,41
1588657988,41
1588657991,41
1588657994,41
1588657997,41
1588658000,41
1588658003,41
1588658006,41
1588658009,41
1588658012,41
1588658015,41
1588658018,41
1588658021,41
1588658024,41
1588658027,41
1588658030,41
1588658033,41
1588658036,41
1588658039,41
1588658042,41
1588658045,41
1588658048,41
1588658051,41
1588658054,41
1588658057,41
1588658060,41
1588658063,41
1588658066,41
1588658069,41
1588658072,41
1588658075,41
1588658078,41
1588658081,41
1588658084,41
1588658087,41
1588658090,41
1588658093,41
1588658096,41
1588658099,41
1588658102,41
1588658105,41
1588658108,41
1588658111,41
1588658114,41
1588658117,41
1588658120,41
1588658123,41
1588658126,41
1588658129,41
1588658132,41
1588658135,41
1588658138,41
1588658141,41
1588658144,41
1588658147,41
1588658150,41
1588658153,41
1588658156,41
1588658159,41
1588658162,41
1588658165,41
1588658168,41
1588658171,41
1588658174,41
1588658177,41
1588658180,41
1588658183,41
1588658186,41
1588658189,41
1588658192,41
1588658195,41
1588658198,41
1588658201,41
1588658204,41
1588658207,41
1588658210,41
1588658213,41
1588658216,41
1588658219,41
1588658222,41
1588658225,41
1588658228,41
1588658231,41
1588658234,41
1588658237,41
1588658240,41
1588658243,41
1588658246,41
1588658249,41
1588658252,41
1588658255,41
1588658258,41
1588658261,41
1588658264,41
1588658267,41
1588658270,41
1588658273,41
1588658276,41
1588658279,41
1588658282,41
1588658285,41
1588658288,41
1588658291,41
1588658294,41
1588658297,41
1588658300,41
1588658303,41
1588658306,41
1588658309,41
1588658312,41
1588658315,41
1588658318,41
1588658321,41
1588658324,41
1588658327,41
1588658330,41
1588658333,41
1588658336,41
1588658339,41
1588658342,41
1588658345,41
1588658348,41
1588658351,41
1588658354,41
1588658357,41
1588658360,41
1588658363,41
1588658366,41
1588658369,41
1588658372,41
1588658375,41
1588658378,41
1588658381,41
1588658384,41
1588658387,41
1588658390,41
1588658393,41
1588658396,41
1588658399,41
1588658402,41
1588658405,41
1588658408,41
1588658411,41
1588658414,41
1588658417,41
1588658420,41
1588658423,41
1588658426,41
1588658429,41
1588658432,41
1588658435,41
1588658438,41
1588658441,41
1588658444,41
1588658447,41
1588658450,41
1588658453,41
1588658456,41
1588658459,41
1588658462,41
1588658465,41
1588658468,41
1588658471,41
1588658474,41
1588658477,41
1588658480,41
1588658483,41
1588658486,41
1588658489,41
1588658492,41
1588658495,41
1588658498,41
1588658501,41
1588658504,41
1588658507,41
1588658510,41
1588658513,41
1588658516,41
1588658519,41
1588658522,41
1588658525,41
1588658528,41
1588658531,41
1588658534,41
1588658537,41
1588658540,41
1588658543,41
1588658546,41
1588658549,41
1588658552,41
1588658555,41
1588658558,41
1588658561,41
1588658564,41
1588658567,41
1588658570,41
1588658573,41
1588658576,41
1588658579,41
1588658582,41
1588658585,41
1588658588,41
1588658591,41
1588658594,41
1588658597,41
1588658600,41
1588658603,41
1588658606,41
1588658609,41
1588658612,41
1588658615,41
1588658618,41
1588658621,41
1588658624,41
1588658627,41
1588658630,41
1588658633,41
1588658636,41
1588658639,41
1588658642,41
1588658645,41
1588658648,41
1588658651,41
1588658654,41
1588658657,41
1588658660,41
1588658663,41
1588658666,41
1588658669,41
1588658672,41
1588658675,41
1588658678,41
1588658681,41
1588658684,41
1588658687,41
1588658690,41
1588658693,41
1588658696,41
1588658699,41
1588658702,41
1588658705,41
1588658708,41
1588658711,41
1588658714,41
1588658717,41
1588658720,41
1588658723,41
1588658726,41
1588658729,41
1588658732,41
1588658735,41
1588658738,41
1588658741,41
1588658744,41
1588658747,41
1588658750,41
1588658753,41
1588658756,41
1588658759,41
1588658762,41
1588658765,41
1588658768,41
1588658771,41
1588658774,41
1588658777,41
1588658780,41
1588658783,41
1588658786,41
1588658789,41
1588658792,41
1588658795,41
1588658798,41
1588658801,41
1588658804,41
1588658807,41
1588658810,41
1588658813,41
1588658816,41
1588658819,41
1588658822,41
1588658825,41
1588658828,41
1588658831,41
1588658834,41
1588658837,41
1588658840,41
1588658843,41
1588658846,41
1588658849,41
1588658852,41
1588658855,41
1588658858,41
1588658861,41
1588658864,41
1588658867,41
1588658870,41
1588658873,41
1588658876,41
1588658879,41
1588658882,41
1588658885,41
1588658888,41
1588658891,41
1588658894,41
1588658897,41
1588658900,41
1588658903,41
1588658906,41
1588658909,41
1588658912,41
1588658915,41
1588658918,41
1588658921,41
1588658924,41
1588658927,41
1588658930,41
1588658933,41
1588658936,41
1588658939,41
1588658942,41
1588658945,41
1588658948,41
1588658951,41
1588658954,41
1588658957,41
1588658960,41
1588658963,41
1588658966,41
1588658969,41
1588658972,41
1588658975,41
1588658978,41
1588658981,41
1588658984,41
1588658987,41
1588658990,41
1588658993,41
1588658996,41
1588658999,41
1588659002,41
1588659005,41
1588659008,41
1588659011,41
1588659014,41
1588659017,41
1588659020,41
1588659023,41
1588659026,41
1588659029,41
1588659032,41
1588659035,41
1588659038,41
1588659041,41
1588659044,41
1588659047,41
1588659050,41
1588659053,41
1588659056,41
1588659059,41
1588659062,41
1588659065,41
1588659068,41
1588659071,41
1588659074,41
1588659077,41
1588659080,41
1588659083,41
1588659086,41
1588659089,41
1588659092,41
1588659095,41
1588659098,41
1588659101,41
1588659104,41
1588659107,41
1588659110,41
1588659113,41
1588659116,41
1588659119,41
1588659122,41
1588659125,41
1588659128,41
1588659131,41
1588659134,41
1588659137,41
1588659140,41
1588659143,41
1588659146,41
1588659149,41
1588659152,41
1588659155,41
1588659158,41
1588659161,41
1588659164,41
1588659167,41
1588659170,41
1588659173,41
1588659176,41
1588659179,41
1588659182,41
1588659185,41
1588659188,41
1588659191,41
1588659194,41
1588659197,41
1588659200,41
1588659203,41
1588659206,41
1588659209,41
1588659212,41
1588659215,41
1588659218,41
1588659221,41
1588659224,41
1588659227,41
1588659230,41
1588659233,41
1588659236,41
1588659239,41
1588659242,41
1588659245,41
1588659248,41
1588659251,41
1588659254,41
1588659257,41
1588659260,41
1588659263,41
1588659266,41
1588659269,41
1588659272,41
1588659275,41
1588659278,41
1588659281,41
1588659284,41
1588659287,41
1588659290,41
1588659293,41
1588659296,41
1588659299,41
1588659302,41
1588659305,41
1588659308,41
1588659311,41
1588659314,41
1588659317,41
1588659320,41
1588659323,41
1588659326,41
1588659329,41
1588659332,41
1588659335,41
1588659338,41
1588659341,41
1588659344,41
1588659347,41
1588659350,41
1588659353,41
1588659356,41
1588659359,41
1588659362,41
1588659365,41
1588659368,41
1588659371,41
1588659374,41
1588659377,41
1588659380,41
1588659383,41
1588659386,41
1588659389,41
1588659392,41
1588659395,41
1588659398,41
1588659401,41
1588659404,41
1588659407,41
1588659410,41
1588659413,41
1588659416,41
1588659419,41
1588659422,41
1588659425,41
1588659428,41
1588659431,41
1588659434,41
1588659437,41
1588659440,41
1588659443,41
1588659446,41
1588659449,41
1588659452,41
1588659455,41
1588659458,41
1588659461,41
1588659464,41
1588659467,41
1588659470,41
1588659473,41
1588659476,41
1588659479,41
1588659482,41
1588659485,41
1588659488,41
1588659491,41
1588659494,41
1588659497,41
1588659500,41
1588659503,41
1588659506,41
1588659509,41
1588659512,41
1588659515,41
1588659518,41
1588659521,41
1588659524,41
1588659527,41
1588659530,41
1588659533,41
1588659536,41
1588659539,41
1588659542,41
1588659545,41
1588659548,41
1588659551,41
1588659554,41
1588659557,41
1588659560,41
1588659563,41
1588659566,41
1588659569,41
1588659572,41
1588659575,41
1588659578,41
1588659581,41
1588659584,41
1588659587,41
1588659590,41
1588659593,41
1588659596,41
1588659599,41
1588659602,41
1588659605,41
1588659608,41
1588659611,41
1588659614,41
1588659617,41
1588659620,41
1588659623,41
1588659626,41
1588659629,41
1588659632,41
1588659635,41
1588659638,41
1588659641,41
1588659644,41
1588659647,41
1588659650,41
1588659653,41
1588659656,41
1588659659,41
1588659662,41
1588659665,41
1588659668,41
1588659671,41
1588659674,41
1588659677,41
1588659680,41
1588659683,41
1588659686,41
1588659689,41
1588659692,41
1588659695,41
1588659698,41
1588659701,41
1588659704,41
1588659707,41
1588659710,41
1588659713,41
1588659716,41
1588659719,41
1588659722,41
1588659725,41
1588659728,41
1588659731,41
1588659734,41
1588659737,41
1588659740,41
1588659743,41
1588659746,41
1588659749,41
1588659752,41
1588659755,41
1588659758,41
1588659761,41
1588659764,41
1588659767,41
1588659770,41
1588659773,41
1588659776,41
1588659779,41
1588659782,41
1588659785,41
1588659788,41
1588659791,41
1588659794,41
1588659797,41
1588659800,41
1588659803,41
1588659806,41
1588659809,41
1588659812,41
1588659815,41
1588659818,41
1588659821,41
1588659824,41
1588659827,41
1588659830,41
1588659833,41
1588659836,41
1588659839,41
1588659842,41
1588659845,41
1588659848,41
1588659851,41
1588659854,41
1588659857,41
1588659860,41
1588659863,41
1588659866,41
1588659869,41
1588659872,41
1588659875,41
1588659878,41
1588659881,41
1588659884,41
1588659887,41
1588659890,41
1588659893,41
1588659896,41
1588659899,41
1588659902,41
1588659905,41
1588659908,41
1588659911,41
1588659914,41
1588659917,41
1588659920,41
1588659923,41
1588659926,41
1588659929,41
1588659932,41
1588659935,41
1588659938,41
1588659941,41
1588659944,41
1588659947,41
1588659950,41
1588659953,41
1588659956,41
1588659959,41
1588659962,41
1588659965,41
1588659968,41
1588659971,41
1588659974,41
1588659977,41
1588659980,41
1588659983,41
1588659986,41
1588659989,41
1588659992,41
1588659995,41
1588659998,41
1588660001,41
1588660004,41
1588660007,41
1588660010,41
1588660013,41
1588660016,41
1588660019,41
1588660022,41
1588660025,41
1588660028,41
1588660031,41
1588660034,41
1588660037,41
1588660040,41
1588660043,41
1588660046,41
1588660049,41
1588660052,41
1588660055,41
1588660058,41
1588660061,41
1588660064,41
1588660067,41
1588660070,41
1588660073,41
1588660076,41
1588660079,41
1588660082,41
1588660085,41
1588660088,41
1588660091,41
1588660094,41
1588660097,41
1588660100,41
1588660103,41
1588660106,41
1588660109,41
1588660112,41
1588660115,41
1588660118,41
1588660121,41
1588660124,41
1588660127,41
1588660130,41
1588660133,41
1588660136,41
1588660139,41
1588660142,41
1588660145,41
1588660148,41
1588660151,41
1588660154,41
1588660157,41
1588660160,41
1588660163,41
1588660166,41
1588660169,41
1588660172,41
1588660175,41
1588660178,41
1588660181,41
1588660184,41
1588660187,41
1588660190,41
1588660193,41
1588660196,41
1588660199,41
1588660202,41
1588660205,41
1588660208,41
1588660211,41
1588660214,41
1588660217,41
1588660220,41
1588660223,41
1588660226,41
1588660229,41
1588660232,41
1588660235,41
1588660238,41
1588660241,41
1588660244,41
1588660247,41
1588660250,41
1588660253,41
1588660256,41
1588660259,41
1588660262,41
1588660265,41
1588660268,41
1588660271,41
1588660274,41
1588660277,41
1588660280,41
1588660283,41
1588660286,41
1588660289,41
1588660292,41
1588660295,41
1588660298,41
1588660301,41
1588660304,41
1588660307,41
1588660310,41
1588660313,41
1588660316,41
1588660319,41
1588660322,41
1588660325,41
1588660328,41
1588660331,41
1588660334,41
1588660337,41
1588660340,41
1588660343,41
1588660346,41
1588660349,41
1588660352,41
1588660355,41
1588660358,41
1588660361,41
1588660364,41
1588660367,41
1588660370,41
1588660373,41
1588660376,41
1588660379,41
1588660382,41
1588660385,41
1588660388,41
1588660391,41
1588660394,41
1588660397,41
1588660400,41
1588660403,41
1588660406,41
1588660409,41
1588660412,41
1588660415,41
1588660418,41
1588660421,41
1588660424,41
1588660427,41
1588660430,41
1588660433,41
1588660436,41
1588660439,41
1588660442,41
1588660445,41
1588660448,41
1588660451,41
1588660454,41
1588660457,41
1588660460,41
1588660463,41
1588660466,41
1588660469,41
1588660472,41
1588660475,41
1588660478,41
1588660481,41
1588660484,41
1588660487,41
1588660490,41
1588660493,41
1588660496,41
1588660499,41
1588660502,41
1588660505,41
1588660508,41
1588660511,41
1588660514,41
1588660517,41
1588660520,41
1588660523,41
1588660526,41
1588660529,41
1588660532,41
1588660535,41
1588660538,41
1588660541,41
1588660544,41
1588660547,41
1588660550,41
1588660553,41
1588660556,41
1588660559,41
1588660562,41
1588660565,41
1588660568,41
1588660571,41
1588660574,41
1588660577,41
1588660580,41
1588660583,41
1588660586,41
1588660589,41
1588660592,41
1588660595,41
1588660598,41
1588660601,41
1588660604,41
1588660607,41
1588660610,41
1588660613,41
1588660616,41
1588660619,41
1588660622,41
1588660625,41
1588660628,41
1588660631,41
1588660634,41
1588660637,41
1588660640,41
1588660643,41
1588660646,41
1588660649,41
1588660652,41
1588660655,41
1588660658,41
1588660661,41
1588660664,41
1588660667,41
1588660670,41
1588660673,41
1588660676,41
1588660679,41
1588660682,41
1588660685,41
1588660688,41
1588660691,41
1588660694,41
1588660697,41
1588660700,41
1588660703,41
1588660706,41
1588660709,41
1588660712,41
1588660715,41
1588660718,41
1588660721,41
1588660724,41
1588660727,41
1588660730,41
1588660733,41
1588660736,41
1588660739,41
1588660742,41
1588660745,41
1588660748,41
1588660751,41
1588660754,41
1588660757,41
1588660760,41
1588660763,41
1588660766,41
1588660769,41
1588660772,41
1588660775,41
1588660778,41
1588660781,41
1588660784,41
1588660787,41
1588660790,41
1588660793,41
1588660796,41
1588660799,41
1588660802,41
1588660805,41
1588660808,41
1588660811,41
1588660814,41
1588660817,41
1588660820,41
1588660823,41
1588660826,41
1588660829,41
1588660832,41
1588660835,41
1588660838,41
1588660841,41
1588660844,41
1588660847,41
1588660850,41
1588660853,41
1588660856,41
1588660859,41
1588660862,41
1588660865,41
1588660868,41
1588660871,41
1588660874,41
1588660877,41
1588660880,41
1588660883,41
1588660886,41
1588660889,41
1588660892,41
1588660895,41
1588660898,41
1588660901,41
1588660904,41
1588660907,41
1588660910,41
1588660913,41
1588660916,41
1588660919,41
1588660922,41
1588660925,41
1588660928,41
1588660931,41
1588660934,41
1588660937,41
1588660940,41
1588660943,41
1588660946,41
1588660949,41
1588660952,41
1588660955,41
1588660958,41
1588660961,41
1588660964,41
1588660967,41
1588660970,41
1588660973,41
1588660976,41
1588660979,41
1588660982,41
1588660985,41
1588660988,41
1588660991,41
1588660994,41
1588660997,41
1588661000,41
1588661003,41
1588661006,41
1588661009,41
1588661012,41
1588661015,41
1588661018,41
1588661021,41
1588661024,41
1588661027,41
1588661030,41
1588661033,41
1588661036,41
1588661039,41
1588661042,41
1588661045,41
1588661048,41
1588661051,41
1588661054,41
1588661057,41
1588661060,41
1588661063,41
1588661066,41
1588661069,41
1588661072,41
1588661075,41
1588661078,41
1588661081,41
1588661084,41
1588661087,41
1588661090,41
1588661093,41
1588661096,41
1588661099,41
1588661102,41
1588661105,41
1588661108,41
1588661111,41
1588661114,41
1588661117,41
1588661120,41
1588661123,41
1588661126,41
1588661129,41
1588661132,41
1588661135,41
1588661138,41
1588661141,41
1588661144,41
1588661147,41
1588661150,41
1588661153,41
1588661156,41
1588661159,41
1588661162,41
1588661165,41
1588661168,41
1588661171,41
1588661174,41
1588661177,41
1588661180,41
1588661183,41
1588661186,41
1588661189,41
1588661192,41
1588661195,41
1588661198,41
1588661201,41
1588661204,41
1588661207,41
1588661210,41
1588661213,41
1588661216,41
1588661219,41
1588661222,41
1588661225,41
1588661228,41
1588661231,41
1588661234,41
1588661237,41
1588661240,41
1588661243,41
1588661246,41
1588661249,41
1588661252,41
1588661255,41
1588661258,41
1588661261,41
1588661264,41
1588661267,41
1588661270,41
1588661273,41
1588661276,41
1588661279,41
1588661282,41
t,value
1588873326,41
1588873329,41
1588873332,41
1588873335,41
1588873338,41
1588873341,41
1588873344,41
1588873347,41
1588873350,41
1588873353,41
1588873356,41
1588873359,41
1588873362,41
1588873365,41
1588873368,41
1588873371,41
1588873374,41
1588873377,41
1588873380,41
1588873383,41
1588873386,41
1588873389,41
1588873392,41
1588873395,41
1588873398,41
1588873401,41
1588873404,41
1588873407,41
1588873410,41
1588873413,41
1588873416,41
1588873419,41
1588873422,41
1588873425,41
1588873428,41
1588873431,41
1588873434,41
1588873437,41
1588873440,41
1588873443,41
1588873446,41
1588873449,41
1588873452,41
1588873455,41
1588873458,41
1588873461,41
1588873464,41
1588873467,41
1588873470,41
1588873473,41
1588873476,41
1588873479,41
1588873482,41
1588873485,41
1588873488,41
1588873491,41
1588873494,41
1588873497,41
1588873500,41
1588873503,41
1588873506,41
1588873509,41
1588873512,41
1588873515,41
1588873518,41
1588873521,41
1588873524,41
1588873527,41
1588873530,41
1588873533,41
1588873536,41
1588873539,41
1588873542,41
1588873545,41
1588873548,41
1588873551,41
1588873554,41
1588873557,41
1588873560,41
1588873563,41
1588873566,41
1588873569,41
1588873572,41
1588873575,41
1588873578,41
1588873581,41
1588873584,41
1588873587,41
1588873590,41
1588873593,41
1588873596,41
1588873599,41
1588873602,41
1588873605,41
1588873608,41
1588873611,41
1588873614,41
1588873617,41
1588873620,41
1588873623,41
1588873626,41
1588873629,41
1588873632,41
1588873635,41
1588873638,41
1588873641,41
1588873644,41
1588873647,41
1588873650,41
1588873653,41
1588873656,41
1588873659,41
1588873662,41
1588873665,41
1588873668,41
1588873671,41
1588873674,41
1588873677,41
1588873680,41
1588873683,41
1588873686,41
1588873689,41
1588873692,41
1588873695,41
1588873698,41
1588873701,41
1588873704,41
1588873707,41
1588873710,41
1588873713,41
1588873716,41
1588873719,41
1588873722,41
1588873725,41
1588873728,41
1588873731,41
1588873734,41
1588873737,41
1588873740,41
1588873743,41
1588873746,41
1588873749,41
1588873752,41
1588873755,41
1588873758,41
1588873761,41
1588873764,41
1588873767,41
1588873770,41
1588873773,41
1588873776,41
1588873779,41
1588873782,41
1588873785,41
1588873788,41
1588873791,41
1588873794,41
1588873797,41
1588873800,41
1588873803,41
1588873806,41
1588873809,41
1588873812,41
1588873815,41
1588873818,41
1588873821,41
1588873824,41
1588873827,41
1588873830,41
1588873833,41
1588873836,41
1588873839,41
1588873842,41
1588873845,41
1588873848,41
1588873851,41
1588873854,41
1588873857,41
1588873860,41
1588873863,41
1588873866,41
1588873869,41
1588873872,41
1588873875,41
1588873878,41
1588873881,41
1588873884,41
1588873887,41
1588873890,41
1588873893,41
1588873896,41
1588873899,41
1588873902,41
1588873905,41
1588873908,41
1588873911,41
1588873914,41
1588873917,41
1588873920,41
1588873923,41
1588873926,41
1588873929,41
1588873932,41
1588873935,41
1588873938,41
1588873941,41
1588873944,41
1588873947,41
1588873950,41
1588873953,41
1588873956,41
1588873959,41
1588873962,41
1588873965,41
1588873968,41
1588873971,41
1588873974,41
1588873977,41
1588873980,41
1588873983,41
1588873986,41
1588873989,41
1588873992,41
1588873995,41
1588873998,41
1588874001,41
1588874004,41
1588874007,41
1588874010,41
1588874013,41
1588874016,41
1588874019,41
1588874022,41
1588874025,41
1588874028,41
1588874031,41
1588874034,41
1588874037,41
1588874040,41
1588874043,41
1588874046,41
1588874049,41
1588874052,41
1588874055,41
1588874058,41
1588874061,41
1588874064,41
1588874067,41
1588874070,41
1588874073,41
1588874076,41
1588874079,41
1588874082,41
1588874085,41
1588874088,41
1588874091,41
1588874094,41
1588874097,41
1588874100,41
1588874103,41
1588874106,41
1588874109,41
1588874112,41
1588874115,41
1588874118,41
1588874121,41
1588874124,41
1588874127,41
1588874130,41
1588874133,41
1588874136,41
1588874139,41
1588874142,41
1588874145,41
1588874148,41
1588874151,41
1588874154,41
1588874157,41
1588874160,41
1588874163,41
1588874166,41
1588874169,41
1588874172,41
1588874175,41
1588874178,41
1588874181,41
1588874184,41
1588874187,41
1588874190,41
1588874193,41
1588874196,41
1588874199,41
1588874202,41
1588874205,41
1588874208,41
1588874211,41
1588874214,41
1588874217,41
1588874220,41
1588874223,41
1588874226,41
1588874229,41
1588874232,41
1588874235,41
1588874238,41
1588874241,41
1588874244,41
1588874247,41
1588874250,41
1588874253,41
1588874256,41
1588874259,41
1588874262,41
1588874265,41
1588874268,41
1588874271,41
1588874274,41
1588874277,41
1588874280,41
1588874283,41
1588874286,41
1588874289,41
1588874292,41
1588874295,41
1588874298,41
1588874301,41
1588874304,41
1588874307,41
1588874310,41
1588874313,41
1588874316,41
1588874319,41
1588874322,41
1588874325,41
1588874328,41
1588874331,41
1588874334,41
1588874337,41
1588874340,41
1588874343,41
1588874346,41
1588874349,41
1588874352,41
1588874355,41
1588874358,41
1588874361,41
1588874364,41
1588874367,41
1588874370,41
1588874373,41
1588874376,41
1588874379,41
1588874382,41
1588874385,41
1588874388,41
1588874391,41
1588874394,41
1588874397,41
1588874400,41
1588874403,41
1588874406,41
1588874409,41
1588874412,41
1588874415,41
1588874418,41
1588874421,41
1588874424,41
1588874427,41
1588874430,41
1588874433,41
1588874436,41
1588874439,41
1588874442,41
1588874445,41
1588874448,41
1588874451,41
1588874454,41
1588874457,41
1588874460,41
1588874463,41
1588874466,41
1588874469,41
1588874472,41
1588874475,41
1588874478,41
1588874481,41
1588874484,41
1588874487,41
1588874490,41
1588874493,41
1588874496,41
1588874499,41
1588874502,41
1588874505,41
1588874508,41
1588874511,41
1588874514,41
1588874517,41
1588874520,41
1588874523,41
1588874526,41
1588874529,41
1588874532,41
1588874535,41
1588874538,41
1588874541,41
1588874544,41
1588874547,41
1588874550,41
1588874553,41
1588874556,41
1588874559,41
1588874562,41
1588874565,41
1588874568,41
1588874571,41
1588874574,41
1588874577,41
1588874580,41
1588874583,41
1588874586,41
1588874589,41
1588874592,41
1588874595,41
1588874598,41
1588874601,41
1588874604,41
1588874607,41
1588874610,41
1588874613,41
1588874616,41
1588874619,41
1588874622,41
1588874625,41
1588874628,41
1588874631,41
1588874634,41
1588874637,41
1588874640,41
1588874643,41
1588874646,41
1588874649,41
1588874652,41
1588874655,41
1588874658,41
1588874661,41
1588874664,41
1588874667,41
1588874670,41
1588874673,41
1588874676,41
1588874679,41
1588874682,41
1588874685,41
1588874688,41
1588874691,41
1588874694,41
1588874697,41
1588874700,41
1588874703,41
1588874706,41
1588874709,41
1588874712,41
1588874715,41
1588874718,41
1588874721,41
1588874724,41
1588874727,41
1588874730,41
1588874733,41
1588874736,41
1588874739,41
1588874742,41
1588874745,41
1588874748,41
1588874751,41
1588874754,41
1588874757,41
1588874760,41
1588874763,41
1588874766,41
1588874769,41
1588874772,41
1588874775,41
1588874778,41
1588874781,41
1588874784,41
1588874787,41
1588874790,41
1588874793,41
1588874796,41
1588874799,41
1588874802,41
1588874805,41
1588874808,41
1588874811,41
1588874814,41
1588874817,41
1588874820,41
1588874823,41
1588874826,41
1588874829,41
1588874832,41
1588874835,41
1588874838,41
1588874841,41
1588874844,41
1588874847,41
1588874850,41
1588874853,41
1588874856,41
1588874859,41
1588874862,41
1588874865,41
1588874868,41
1588874871,41
1588874874,41
1588874877,41
1588874880,41
1588874883,41
1588874886,41
1588874889,41
1588874892,41
1588874895,41
1588874898,41
1588874901,41
1588874904,41
1588874907,41
1588874910,41
1588874913,41
1588874916,41
1588874919,41
1588874922,41
1588874925,41
1588874928,41
1588874931,41
1588874934,41
1588874937,41
1588874940,41
1588874943,41
1588874946,41
1588874949,41
1588874952,41
1588874955,41
1588874958,41
1588874961,41
1588874964,41
1588874967,41
1588874970,41
1588874973,41
1588874976,41
1588874979,41
1588874982,41
1588874985,41
1588874988,41
1588874991,41
1588874994,41
1588874997,41
1588875000,41
1588875003,41
1588875006,41
1588875009,41
1588875012,41
1588875015,41
1588875018,41
1588875021,41
1588875024,41
1588875027,41
1588875030,41
1588875033,41
1588875036,41
1588875039,41
1588875042,41
1588875045,41
1588875048,41
1588875051,41
1588875054,41
1588875057,41
1588875060,41
1588875063,41
1588875066,41
1588875069,41
1588875072,41
1588875075,41
1588875078,41
1588875081,41
1588875084,41
1588875087,41
1588875090,41
1588875093,41
1588875096,41
1588875099,41
1588875102,41
1588875105,41
1588875108,41
1588875111,41
1588875114,41
1588875117,41
1588875120,41
1588875123,41
1588875126,41
1588875129,41
1588875132,41
1588875135,41
1588875138,41
1588875141,41
1588875144,41
1588875147,41
1588875150,41
1588875153,41
1588875156,41
1588875159,41
1588875162,41
1588875165,41
1588875168,41
1588875171,41
1588875174,41
1588875177,41
1588875180,41
1588875183,41
1588875186,41
1588875189,41
1588875192,41
1588875195,41
1588875198,41
1588875201,41
1588875204,41
1588875207,41
1588875210,41
1588875213,41
1588875216,41
1588875219,41
1588875222,41
1588875225,41
1588875228,41
1588875231,41
1588875234,41
1588875237,41
1588875240,41
1588875243,41
1588875246,41
1588875249,41
1588875252,41
1588875255,41
1588875258,41
1588875261,41
1588875264,41
1588875267,41
1588875270,41
1588875273,41
1588875276,41
1588875279,41
1588875282,41
1588875285,41
1588875288,41
1588875291,41
1588875294,41
1588875297,41
1588875300,41
1588875303,41
1588875306,41
1588875309,41
1588875312,41
1588875315,41
1588875318,41
1588875321,41
1588875324,41
1588875327,41
1588875330,41
1588875333,41
1588875336,41
1588875339,41
1588875342,41
1588875345,41
1588875348,41
1588875351,41
1588875354,41
1588875357,41
1588875360,41
1588875363,41
1588875366,41
1588875369,41
1588875372,41
1588875375,41
1588875378,41
1588875381,41
1588875384,41
1588875387,41
1588875390,41
1588875393,41
1588875396,41
1588875399,41
1588875402,41
1588875405,41
1588875408,41
1588875411,41
1588875414,41
1588875417,41
1588875420,41
1588875423,41
1588875426,41
1588875429,41
1588875432,41
1588875435,41
1588875438,41
1588875441,41
1588875444,41
1588875447,41
1588875450,41
1588875453,41
1588875456,41
1588875459,41
1588875462,41
1588875465,41
1588875468,41
1588875471,41
1588875474,41
1588875477,41
1588875480,41
1588875483,41
1588875486,41
1588875489,41
1588875492,41
1588875495,41
1588875498,41
1588875501,41
1588875504,41
1588875507,41
1588875510,41
1588875513,41
1588875516,41
1588875519,41
1588875522,41
1588875525,41
1588875528,41
1588875531,41
1588875534,41
1588875537,41
1588875540,41
1588875543,41
1588875546,41
1588875549,41
1588875552,41
1588875555,41
1588875558,41
1588875561,41
1588875564,41
1588875567,41
1588875570,41
1588875573,41
1588875576,41
1588875579,41
1588875582,41
1588875585,41
1588875588,41
1588875591,41
1588875594,41
1588875597,41
1588875600,41
1588875603,41
1588875606,41
1588875609,41
1588875612,41
1588875615,41
1588875618,41
1588875621,41
1588875624,41
1588875627,41
1588875630,41
1588875633,41
1588875636,41
1588875639,41
1588875642,41
1588875645,41
1588875648,41
1588875651,41
1588875654,41
1588875657,41
1588875660,41
1588875663,41
1588875666,41
1588875669,41
1588875672,41
1588875675,41
1588875678,41
1588875681,41
1588875684,41
1588875687,41
1588875690,41
1588875693,41
1588875696,41
1588875699,41
1588875702,41
1588875705,41
1588875708,41
1588875711,41
1588875714,41
1588875717,41
1588875720,41
1588875723,41
1588875726,41
1588875729,41
1588875732,41
1588875735,41
1588875738,41
1588875741,41
1588875744,41
1588875747,41
1588875750,41
1588875753,41
1588875756,41
1588875759,41
1588875762,41
1588875765,41
1588875768,41
1588875771,41
1588875774,41
1588875777,41
1588875780,41
1588875783,41
1588875786,41
1588875789,41
1588875792,41
1588875795,41
1588875798,41
1588875801,41
1588875804,41
1588875807,41
1588875810,41
1588875813,41
1588875816,41
1588875819,41
1588875822,41
1588875825,41
1588875828,41
1588875831,41
1588875834,41
1588875837,41
1588875840,41
1588875843,41
1588875846,41
1588875849,41
1588875852,41
1588875855,41
1588875858,41
1588875861,41
1588875864,41
1588875867,41
1588875870,41
1588875873,41
1588875876,41
1588875879,41
1588875882,41
1588875885,41
1588875888,41
1588875891,41
1588875894,41
1588875897,41
1588875900,41
1588875903,41
1588875906,41
1588875909,41
1588875912,41
1588875915,41
1588875918,41
1588875921,41
1588875924,41
1588875927,41
1588875930,41
1588875933,41
1588875936,41
1588875939,41
1588875942,41
1588875945,41
1588875948,41
1588875951,41
1588875954,41
1588875957,41
1588875960,41
1588875963,41
1588875966,41
1588875969,41
1588875972,41
1588875975,41
1588875978,41
1588875981,41
1588875984,41
1588875987,41
1588875990,41
1588875993,41
1588875996,41
1588875999,41
1588876002,41
1588876005,41
1588876008,41
1588876011,41
1588876014,41
1588876017,41
1588876020,41
1588876023,41
1588876026,41
1588876029,41
1588876032,41
1588876035,41
1588876038,41
1588876041,41
1588876044,41
1588876047,41
1588876050,41
1588876053,41
1588876056,41
1588876059,41
1588876062,41
1588876065,41
1588876068,41
1588876071,41
1588876074,41
1588876077,41
1588876080,41
1588876083,41
1588876086,41
1588876089,41
1588876092,41
1588876095,41
1588876098,41
1588876101,41
1588876104,41
1588876107,41
1588876110,41
1588876113,41
1588876116,41
1588876119,41
1588876122,41
1588876125,41
1588876128,41
1588876131,41
1588876134,41
1588876137,41
1588876140,41
1588876143,41
1588876146,41
1588876149,41
1588876152,41
1588876155,41
1588876158,41
1588876161,41
1588876164,41
1588876167,41
1588876170,41
1588876173,41
1588876176,41
1588876179,41
1588876182,41
1588876185,41
1588876188,41
1588876191,41
1588876194,41
1588876197,41
1588876200,41
1588876203,41
1588876206,41
1588876209,41
1588876212,41
1588876215,41
1588876218,41
1588876221,41
1588876224,41
1588876227,41
1588876230,41
1588876233,41
1588876236,41
1588876239,41
1588876242,41
1588876245,41
1588876248,41
1588876251,41
1588876254,41
1588876257,41
1588876260,41
1588876263,41
1588876266,41
1588876269,41
1588876272,41
1588876275,41
1588876278,41
1588876281,41
1588876284,41
1588876287,41
1588876290,41
1588876293,41
1588876296,41
1588876299,41
1588876302,41
1588876305,41
1588876308,41
1588876311,41
1588876314,41
1588876317,41
1588876320,41
1588876323,41
1588876326,41
1588876329,41
1588876332,41
1588876335,41
1588876338,41
1588876341,41
1588876344,41
1588876347,41
1588876350,41
1588876353,41
1588876356,41
1588876359,41
1588876362,41
1588876365,41
1588876368,41
1588876371,41
1588876374,41
1588876377,41
1588876380,41
1588876383,41
1588876386,41
1588876389,41
1588876392,41
1588876395,41
1588876398,41
1588876401,41
1588876404,41
1588876407,41
1588876410,41
1588876413,41
1588876416,41
1588876419,41
1588876422,41
1588876425,41
1588876428,41
1588876431,41
1588876434,41
1588876437,41
1588876440,41
1588876443,41
1588876446,41
1588876449,41
1588876452,41
1588876455,41
1588876458,41
1588876461,41
1588876464,41
1588876467,41
1588876470,41
1588876473,41
1588876476,41
1588876479,41
1588876482,41
1588876485,41
1588876488,41
1588876491,41
1588876494,41
1588876497,41
1588876500,41
1588876503,41
1588876506,41
1588876509,41
1588876512,41
1588876515,41
1588876518,41
1588876521,41
1588876524,41
1588876527,41
1588876530,41
1588876533,41
1588876536,41
1588876539,41
1588876542,41
1588876545,41
1588876548,41
1588876551,41
1588876554,41
1588876557,41
1588876560,41
1588876563,41
1588876566,41
1588876569,41
1588876572,41
1588876575,41
1588876578,41
1588876581,41
1588876584,41
1588876587,41
1588876590,41
1588876593,41
1588876596,41
1588876599,41
1588876602,41
1588876605,41
1588876608,41
1588876611,41
1588876614,41
1588876617,41
1588876620,41
1588876623,41
1588876626,41
1588876629,41
1588876632,41
1588876635,41
1588876638,41
1588876641,41
1588876644,41
1588876647,41
1588876650,41
1588876653,41
1588876656,41
1588876659,41
1588876662,41
1588876665,41
1588876668,41
1588876671,41
1588876674,41
1588876677,41
1588876680,41
1588876683,41
1588876686,41
1588876689,41
1588876692,41
1588876695,41
1588876698,41
1588876701,41
1588876704,41
1588876707,41
1588876710,41
1588876713,41
1588876716,41
1588876719,41
1588876722,41
1588876725,41
1588876728,41
1588876731,41
1588876734,41
1588876737,41
1588876740,41
1588876743,41
1588876746,41
1588876749,41
1588876752,41
1588876755,41
1588876758,41
1588876761,41
1588876764,41
1588876767,41
1588876770,41
1588876773,41
1588876776,41
1588876779,41
1588876782,41
1588876785,41
1588876788,41
1588876791,41
1588876794,41
1588876797,41
1588876800,41
1588876803,41
1588876806,41
1588876809,41
1588876812,41
1588876815,41
1588876818,41
1588876821,41
1588876824,41
1588876827,41
1588876830,41
1588876833,41
1588876836,41
1588876839,41
1588876842,41
1588876845,41
1588876848,41
1588876851,41
1588876854,41
1588876857,41
1588876860,41
1588876863,41
1588876866,41
1588876869,41
1588876872,41
1588876875,41
1588876878,41
1588876881,41
1588876884,41
1588876887,41
1588876890,41
1588876893,41
1588876896,41
1588876899,41
1588876902,41
1588876905,41
1588876908,41
1588876911,41
1588876914,41
1588876917,41
1588876920,41
1588876923,41
1588876926,41
1588876929,41
1588876932,41
1588876935,41
1588876938,41
1588876941,41
1588876944,41
1588876947,41
1588876950,41
1588876953,41
1588876956,41
1588876959,41
1588876962,41
1588876965,41
1588876968,41
1588876971,41
1588876974,41
1588876977,41
1588876980,41
1588876983,41
1588876986,41
1588876989,41
1588876992,41
1588876995,41
1588876998,41
1588877001,41
1588877004,41
1588877007,41
1588877010,41
1588877013,41
1588877016,41
1588877019,41
1588877022,41
1588877025,41
1588877028,41
1588877031,41
1588877034,41
1588877037,41
1588877040,41
1588877043,41
1588877046,41
1588877049,41
1588877052,41
1588877055,41
1588877058,41
1588877061,41
1588877064,41
1588877067,41
1588877070,41
1588877073,41
1588877076,41
1588877079,41
1588877082,41
1588877085,41
1588877088,41
1588877091,41
1588877094,41
1588877097,41
1588877100,41
1588877103,41
1588877106,41
1588877109,41
1588877112,41
1588877115,41
1588877118,41
1588877121,41
1588877124,41
1588877127,41
1588877130,41
1588877133,41
1588877136,41
1588877139,41
1588877142,41
1588877145,41
1588877148,41
1588877151,41
1588877154,41
1588877157,41
1588877160,41
1588877163,41
1588877166,41
1588877169,41
1588877172,41
1588877175,41
1588877178,41
1588877181,41
1588877184,41
1588877187,41
1588877190,41
1588877193,41
1588877196,41
1588877199,41
1588877202,41
1588877205,41
1588877208,41
1588877211,41
1588877214,41
1588877217,41
1588877220,41
1588877223,41
1588877226,41
1588877229,41
1588877232,41
1588877235,41
1588877238,41
1588877241,41
1588877244,41
1588877247,41
1588877250,41
1588877253,41
1588877256,41
1588877259,41
1588877262,41
1588877265,41
1588877268,41
1588877271,41
1588877274,41
1588877277,41
1588877280,41
1588877283,41
1588877286,41
1588877289,41
1588877292,41
1588877295,41
1588877298,41
1588877301,41
1588877304,41
1588877307,41
1588877310,41
1588877313,41
1588877316,41
1588877319,41
1588877322,41
1588877325,41
1588877328,41
1588877331,41
1588877334,41
1588877337,41
1588877340,41
1588877343,41
1588877346,41
1588877349,41
1588877352,41
1588877355,41
1588877358,41
1588877361,41
1588877364,41
1588877367,41
1588877370,41
1588877373,41
1588877376,41
1588877379,41
1588877382,41
1588877385,41
1588877388,41
1588877391,41
1588877394,41
1588877397,41
1588877400,41
1588877403,41
1588877406,41
1588877409,41
1588877412,41
1588877415,41
1588877418,41
1588877421,41
1588877424,41
1588877427,41
1588877430,41
1588877433,41
1588877436,41
1588877439,41
1588877442,41
1588877445,41
1588877448,41
1588877451,41
1588877454,41
1588877457,41
1588877460,41
1588877463,41
1588877466,41
1588877469,41
1588877472,41
1588877475,41
1588877478,41
1588877481,41
1588877484,41
1588877487,41
1588877490,41
1588877493,41
1588877496,41
1588877499,41
1588877502,41
1588877505,41
1588877508,41
1588877511,41
1588877514,41
1588877517,41
1588877520,41
1588877523,41
1588877526,41
1588877529,41
1588877532,41
1588877535,41
1588877538,41
1588877541,41
1588877544,41
1588877547,41
1588877550,41
1588877553,41
1588877556,41
1588877559,41
1588877562,41
1588877565,41
1588877568,41
1588877571,41
1588877574,41
1588877577,41
1588877580,41
1588877583,41
1588877586,41
1588877589,41
1588877592,41
1588877595,41
1588877598,41
1588877601,41
1588877604,41
1588877607,41
1588877610,41
1588877613,41
1588877616,41
1588877619,41
1588877622,41
1588877625,41
1588877628,41
1588877631,41
1588877634,41
1588877637,41
1588877640,41
1588877643,41
1588877646,41
1588877649,41
t,value
1612154152,41
1612154155,41
1612154158,41
1612154161,41
1612154164,41
1612154167,41
1612154170,41
1612154173,41
1612154176,41
1612154179,41
1612154182,41
1612154185,41
1612154188,41
1612154191,41
1612154194,41
1612154197,41
1612154200,41
1612154203,41
1612154206,41
1612154209,41
1612154212,41
1612154215,41
1612154218,41
1612154221,41
1612154224,41
1612154227,41
1612154230,41
1612154233,41
1612154236,41
1612154239,41
1612154242,41
1612154245,41
1612154248,41
1612154251,41
1612154254,41
1612154257,41
1612154260,41
1612154263,41
1612154266,41
1612154269,41
1612154272,41
1612154275,41
